Weight,Group
0.645066274,Yes
0.784279977,Yes
0.525660964,Yes
0.381733021,Yes
0.77868112,Yes
0.796610169,Yes
0.46628131,Yes
0.682692308,Yes
0.620771513,Yes
0.840628984,Yes
0.538047656,Yes
0.47133758,Yes
0.46209714,Yes
0.681844052,Yes
0.354933726,No
0.215720023,No
0.474339036,No
0.618266979,No
0.22131888,No
0.203389831,No
0.53371869,No
0.317307692,No
0.379228487,No
0.159371016,No
0.461952344,No
0.52866242,No
0.53790286,No
0.318155948,No