Weight,Group
0.345794393,Yes
0.261139896,Yes
0.341312057,Yes
0.103002502,Yes
0.015492958,Yes
0.032858708,Yes
0.152910513,Yes
0.307924203,Yes
0.013313609,Yes
0.241509434,Yes
0.077743902,Yes
0.394699479,Yes
0.208877285,Yes
0.214031972,Yes
0.654205607,No
0.738860104,No
0.658687943,No
0.896997498,No
0.984507042,No
0.967141292,No
0.847089487,No
0.692075797,No
0.986686391,No
0.758490566,No
0.922256098,No
0.605300521,No
0.791122715,No
0.785968028,No