Weight,Location,Group
0.159652639,Control,C
0.030068337,Control,C
0.38744155,Chytrid,C
0.17357631,Chytrid,C
0.452905812,Neutral,C
0.796355353,Neutral,C