Weight,Location,Group
0.150667514,Control 1,C
0.004446421,Control 1,C
0.490146217,Neutral,C
0.926189418,Neutral,C
0.359186268,Control 2,C
0.069364162,Control 2,C