Weight,Location,Group
0.159652639,Control 1,C
0.030068337,Control 1,C
0.452905812,Neutral,C
0.796355353,Neutral,C
0.38744155,Control 2,C
0.17357631,Control 2,C